NationalID,GivenName,Surname,Birthday,City
388.624.732-57,Tiago,Cunha,7/19/1989,Rio Branco
992.809.969-32,Kai,Gomes,10/29/1953,Jundiaí
518.376.278-35,Estevan,Azevedo,1/3/1938,Nilópolis
715.379.468-97,Luis,Sousa,3/15/1946,Vitória
299.602.526-12,Aline,Pinto,1/19/1999,Barueri
980.547.988-90,Bianca,Araujo,2/15/1983,Diadema
139.737.913-84,Sarah,Almeida,5/10/1978,Esteio
774.943.672-33,Carlos,Correia,11/12/1982,Mogi-Guaçu
501.882.855-20,Giovana,Costa,7/2/1956,Rio de Janeiro
517.352.459-68,Carlos,Barbosa,1/16/1980,Guarujá
340.578.487-54,Sarah,Rocha,6/8/1988,Campo Grande
120.532.369-49,Nicole,Araujo,11/17/2001,Bauru
997.955.251-40,Joao,Goncalves,9/3/1965,Duque de Caxias
442.558.229-21,Estevan,Pinto,10/21/1993,Rio de Janeiro
187.599.824-11,Livia,Ribeiro,11/21/1958,Valparaíso de Goiás
938.018.790-46,Murilo,Araujo,2/22/1984,Belo Horizonte
433.294.765-75,Murilo,Gomes,12/19/1950,Itaquaquecetuba
840.827.432-51,Carlos,Fernandes,6/11/1942,Boa Vista
544.893.954-69,Miguel,Pereira,4/24/1940,Feira de Santana
993.972.740-23,Rebeca,Carvalho,4/11/1938,Belo Horizonte
619.257.763-36,Beatrice,Melo,2/18/1947,Campinas
442.250.891-18,Rodrigo,Souza,10/27/1950,Manaus
846.634.005-07,Larissa,Araujo,8/21/1977,Pindamonhangaba
712.680.630-29,Murilo,Cavalcanti,5/20/1937,Presidente Prudente
248.800.183-09,Matheus,Almeida,2/20/1991,Crato
160.061.936-39,Nicole,Barros,1/8/1966,Campo Limpo Paulista
534.559.289-60,Marisa,Melo,11/10/1962,São Paulo
379.314.295-75,Lavinia,Fernandes,10/19/1957,Cuiabá
680.653.244-60,Bruna,Pereira,2/26/1971,Campinas
168.587.621-83,Luiz,Alves,5/21/1938,Praia Grande
500.949.346-22,Antônio,Alves,10/14/1978,Birigüi
991.063.378-72,Raissa,Cavalcanti,6/21/1940,São Paulo
799.221.544-39,Julia,Azevedo,10/28/1992,Bauru
893.853.044-29,Murilo,Araujo,10/4/1979,Belo Horizonte
931.439.942-74,Clara,Fernandes,4/12/1974,Goiânia
812.738.566-27,Luis,Melo,8/8/2002,Chapecó
501.329.241-70,Anna,Castro,2/12/1968,Paranoá
639.090.934-93,Alex,Goncalves,12/4/1977,Assis
742.816.233-53,Manuela,Souza,5/5/1993,Montes Claros
403.694.629-39,Otávio,Pinto,6/6/1991,Cuiabá
289.645.585-02,Kai,Souza,12/26/1936,São Paulo
461.255.432-93,Júlia,Castro,6/23/1998,São Paulo
939.962.937-63,Carla,Alves,9/28/1942,Santana de Parnaíba
581.163.858-28,Luís,Araujo,12/16/1935,Itu
873.403.591-50,Diego,Cavalcanti,4/9/1991,Ituiutaba
104.532.033-10,Luana,Carvalho,5/10/1942,Joinville
277.048.089-82,Arthur,Ribeiro,7/4/1968,Pindamonhangaba
987.680.729-37,Ana,Araujo,12/28/2004,São Paulo
853.036.622-09,Luana,Martins,4/22/2004,Guarulhos
651.094.844-30,Larissa,Ribeiro,3/14/1961,Barbacena
593.162.123-75,Camila,Alves,4/5/1968,Resende
913.413.724-64,Leila,Almeida,9/3/1958,Londrina
787.414.986-66,Sofia,Pereira,10/29/1937,Cruzeiro
446.716.122-83,Leonor,Rodrigues,10/21/1972,Ribeirão Preto
500.274.017-07,Gustavo,Cavalcanti,1/11/1981,Itaguaí
819.393.039-82,Erick,Almeida,9/18/1991,Rio de Janeiro
766.042.395-94,Leonardo,Alves,2/9/1985,Samambaia
984.576.843-10,Emilly,Lima,1/10/1977,João Pessoa
425.358.613-99,Fábio,Cunha,3/9/1953,Foz do Iguaçu
520.385.238-35,Marisa,Carvalho,1/22/1977,Caçapava
855.332.027-81,Aline,Goncalves,3/7/2000,Cariacica
949.089.644-67,Luan,Dias,6/26/1981,Serra
225.745.097-30,Vinícius,Araujo,4/13/1970,Salvador
397.805.075-74,Davi,Santos,5/2/1942,Ponta Grossa
193.139.165-33,Livia,Santos,11/4/1982,Criciúma
377.242.556-95,Miguel,Barros,3/18/1951,Sete Lagoas
890.949.258-93,Laura,Barros,4/2/1982,Rio Grande
184.980.755-80,Larissa,Martins,2/8/1980,Sorocaba
659.757.396-08,Eduarda,Azevedo,4/12/1995,Nova Iguaçu
995.681.902-60,Mateus,Carvalho,7/3/1973,Belford Roxo
372.277.801-80,Fernanda,Castro,3/30/1953,Aparecida de Goiânia
458.304.701-01,Manuela,Carvalho,9/26/1956,Sorocaba
325.788.283-18,Breno,Cavalcanti,12/12/1987,Mogi das Cruzes
354.547.462-31,Bianca,Ribeiro,10/16/1967,Canoas
207.914.234-84,Sarah,Castro,8/30/1942,Palmeira dos Índios
987.801.486-03,Erick,Sousa,4/13/1990,São Luís
657.490.937-60,Kauan,Correia,10/24/1994,Taboão da Serra
502.376.230-05,Emilly,Pinto,5/6/1995,Porto Alegre
745.820.711-63,Larissa,Ribeiro,1/28/1944,Manaus
608.114.580-83,Vinícius,Rodrigues,8/30/1958,Londrina
489.756.771-84,Livia,Pinto,8/24/2000,Santo André
945.516.435-30,Rafael,Almeida,7/13/1958,João Monlevade
880.249.282-48,Tiago,Silva,10/24/1959,Ceilândia
710.922.962-98,Amanda,Ferreira,9/12/1951,Guarujá
674.768.029-42,Daniel,Melo,6/6/1955,Três Lagoas
164.477.892-07,Vitor,Oliveira,5/11/1960,Sabará
997.804.247-41,Gabriel,Azevedo,11/8/1960,Cachoeiro de Itapemirim
426.602.047-30,Mateus,Correia,3/18/1997,Campinas
511.396.990-75,Giovana,Goncalves,7/22/1976,Aparecida de Goiânia
445.718.311-37,Isabella,Rocha,1/5/1959,São Paulo
475.192.721-33,Eduarda,Cavalcanti,9/18/1964,São Paulo
853.125.002-16,Enzo,Lima,2/5/1961,São Paulo
432.712.369-25,Marina,Araujo,4/11/1995,Teresina
929.909.359-83,Erick,Martins,12/6/1999,Santo Ângelo
730.371.818-42,Kauã,Azevedo,4/1/1976,Cariacica
894.677.248-47,Gabriel,Barbosa,8/1/1987,Itajaí
765.628.919-49,Daniel,Alves,11/10/1991,Cubatão
983.450.084-02,Evelyn,Pinto,8/31/1961,Marília
532.958.526-00,Luana,Cunha,4/4/1986,Campo Limpo Paulista
834.739.100-90,Letícia,Barros,4/30/1942,Bauru
294.341.985-00,Igor,Fernandes,1/27/1944,Guará
353.311.811-80,Nicolas,Ferreira,7/8/1953,Piracicaba
556.472.473-93,Kauan,Souza,11/29/1990,Maceió
177.257.819-35,Júlio,Castro,2/17/1959,São Paulo
246.041.579-60,Thiago,Cardoso,10/3/1990,Macapá
565.912.901-33,Eduarda,Silva,6/14/1972,Barbacena
610.973.456-02,Laura,Araujo,11/4/1956,Campo Grande
279.015.201-24,Cauã,Cardoso,1/18/1976,Resende
424.522.156-94,Lucas,Rocha,10/6/1991,Sumaré
783.217.972-45,Gabrielle,Souza,3/9/1950,Sorocaba
308.894.401-07,Bianca,Rocha,7/9/1948,Manaus
549.617.422-87,Leila,Melo,10/2/1935,Cariacica
120.575.230-71,Evelyn,Goncalves,8/2/1982,Aparecida de Goiânia
829.284.611-59,Mariana,Rodrigues,10/3/2000,Divinópolis
887.917.454-11,Sofia,Lima,1/29/1991,Duque de Caxias
742.698.076-60,Eduarda,Melo,12/29/1968,Caruaru
419.448.637-45,Estevan,Fernandes,12/8/1937,São Paulo
119.972.898-57,Leila,Correia,7/2/2003,Praia Grande
310.880.636-08,Matheus,Carvalho,6/16/1940,Belém
479.637.353-53,Isabela,Araujo,1/7/1999,Ferraz de Vasconcelos
233.385.659-92,Leonor,Castro,11/28/1983,Mogi-Guaçu
580.635.364-87,Raissa,Barros,3/5/1960,Londrina
613.420.867-16,José,Goncalves,1/12/2002,Itajaí
407.146.513-11,Leonor,Ferreira,5/10/1953,Timon
397.257.561-00,Eduarda,Ribeiro,3/26/1978,Blumenau
650.719.654-10,Eduardo,Ribeiro,1/12/1984,Ananindeua
535.022.858-70,Daniel,Rocha,5/22/1939,Salvador
112.581.912-02,Yasmin,Azevedo,2/14/1972,São Lourenço da Mata
303.928.420-76,Carolina,Cunha,9/28/1979,Catalão
726.148.664-74,Julian,Pinto,4/4/2005,Itaquaquecetuba
814.769.117-38,Arthur,Almeida,8/23/1977,Pará de Minas
753.572.861-83,Igor,Dias,8/23/1998,Atibaia
183.566.165-30,Thaís,Fernandes,1/7/1970,Paulista
323.556.863-86,Matheus,Almeida,4/28/1983,Mesquita
737.020.948-22,Estevan,Martins,5/23/1967,Araucária
317.261.775-05,Erick,Cardoso,6/20/1971,Fortaleza
227.983.745-53,Enzo,Alves,10/30/2001,Jataí
843.657.423-02,Nicolas,Lima,4/29/1985,Araras
310.740.167-69,Breno,Oliveira,12/12/1966,Rio de Janeiro
588.182.006-15,Livia,Cavalcanti,11/19/1980,São Paulo
324.920.068-91,Tiago,Almeida,4/5/1956,São Paulo
222.598.779-31,Brenda,Barros,6/25/1983,Piracicaba
611.223.386-00,Julieta,Fernandes,2/14/1982,Jequié
896.186.854-38,Bruno,Pinto,5/31/1936,Uberaba
463.195.497-34,Nicolash,Araujo,9/8/2000,São José dos Pinhais
893.542.914-73,Diogo,Pereira,8/22/1975,São José do Rio Preto
829.176.819-69,Bruna,Dias,9/1/1962,Telêmaco Borba
324.283.777-01,Brenda,Castro,3/29/1952,São Paulo
733.643.850-41,Raissa,Barbosa,12/23/1992,Goiânia
605.810.754-71,Victor,Barros,6/20/1983,Anápolis
933.095.953-90,Mateus,Cardoso,1/31/1990,Umuarama
152.478.732-97,Kaua,Barros,5/4/1979,Guarujá
264.227.226-56,Isabela,Fernandes,9/6/2003,Rio de Janeiro
865.102.617-07,Rafaela,Ferreira,5/5/2004,Redenção
987.031.341-80,Nicolash,Alves,7/8/1993,Canoas
316.934.052-29,André,Barbosa,12/12/1982,Chapecó
573.707.482-00,Gabriela,Azevedo,4/15/1979,Assis
656.201.358-53,Lucas,Barros,10/9/1974,Rio de Janeiro
767.115.740-60,André,Cunha,4/30/1976,Blumenau
594.192.153-50,Sofia,Pinto,2/12/1967,Joinville
342.383.765-95,Rafaela,Barbosa,11/28/1949,São José dos Campos
174.907.960-75,Nicole,Cunha,6/6/1965,Vila Velha
121.390.462-50,Giovana,Ferreira,11/6/1979,Rio de Janeiro
154.457.129-15,Rafael,Barros,7/20/1990,São Luís
447.349.555-81,Ágatha,Rodrigues,3/29/1972,Campos dos Goytacazes
493.506.331-91,Luís,Fernandes,9/3/1943,Porto Alegre
695.798.650-00,Luiz,Rodrigues,4/5/1995,Santa Maria
752.027.465-98,Larissa,Costa,8/2/1972,Belo Horizonte
100.408.205-30,Mariana,Melo,3/22/1943,Vila Velha
449.377.235-29,Aline,Carvalho,8/1/1985,Goiânia
268.198.340-12,Ágatha,Barbosa,6/8/1974,Curitiba
794.638.323-19,Fábio,Pinto,10/10/1977,Blumenau
906.987.453-96,Estevan,Souza,6/16/1945,Manaus
556.029.063-71,Arthur,Rodrigues,10/17/1998,São Lourenço da Mata
254.925.553-40,Laura,Almeida,10/9/1985,Itabuna
308.730.763-70,Antônio,Pinto,2/20/1983,Lages
410.140.285-07,Emily,Alves,2/9/1962,Barra Mansa
457.014.441-12,Letícia,Alves,5/6/1964,Boa Vista
179.647.083-09,Vitória,Araujo,9/2/1972,Luziânia
259.835.450-86,Marcos,Dias,10/14/1987,Betim
529.229.952-91,Bianca,Azevedo,11/6/2000,Cachoeiro de Itapemirim
451.019.262-21,Breno,Pinto,10/31/1952,Atibaia
800.934.190-82,Mateus,Melo,5/4/1961,Montes Claros
366.793.831-45,Beatriz,Carvalho,8/11/2003,São Paulo
755.691.792-40,Murilo,Rocha,8/2/2000,Catanduva
550.494.024-92,Leila,Cavalcanti,4/25/1995,São Paulo
369.575.909-76,Fábio,Carvalho,9/6/1986,Jandira
762.610.619-98,Nicole,Ferreira,4/11/1970,Serra
614.880.702-53,Vitor,Gomes,11/25/1968,Ji-Paraná
441.088.204-01,Isabella,Almeida,2/4/1980,Barueri
565.823.641-03,Samuel,Carvalho,3/15/1988,Bauru
965.075.243-95,Guilherme,Silva,5/22/1948,Petrolina
258.590.288-90,André,Rodrigues,8/24/1958,Natal
185.629.213-43,Lucas,Alves,6/15/1991,Joinville
775.272.877-21,Anna,Araujo,12/2/1936,Joinville
377.323.984-08,Arthur,Barros,4/26/1952,Campo Grande
426.928.600-80,Matheus,Cavalcanti,5/7/1995,Poços de Caldas
247.353.079-31,Martim,Melo,4/13/1969,Bebedouro
499.572.908-94,Beatriz,Barros,9/12/1956,Fortaleza
128.890.665-09,Camila,Alves,3/7/1998,Betim
115.926.464-33,Carlos,Cunha,1/17/1978,Fortaleza
269.651.098-90,Diogo,Cavalcanti,1/11/1941,Itapetininga
172.416.165-29,Caio,Cunha,4/6/1965,Luziânia
937.987.362-00,Igor,Almeida,1/14/1941,Guarulhos
251.001.873-60,Gabriela,Pereira,7/19/1966,São Paulo
940.982.271-85,Giovana,Rocha,1/17/1951,Rio de Janeiro
685.922.243-30,Isabella,Silva,4/29/1981,Ourinhos
884.877.802-02,Arthur,Carvalho,5/31/1980,Natal
505.582.209-08,Raissa,Fernandes,12/21/2003,Itu
916.846.911-09,Matilde,Azevedo,4/29/1969,Campinas
235.354.337-54,Diogo,Lima,5/14/1952,Quixadá
875.787.694-05,Leila,Barbosa,11/10/1972,Crateús
313.332.310-59,Enzo,Correia,4/12/1963,Mesquita
961.114.745-70,Alex,Melo,9/29/1949,Manaus
750.690.884-08,Amanda,Souza,9/15/1952,Rio Verde
444.122.046-42,Thaís,Souza,9/23/1965,Teresina
944.394.196-15,Laura,Cunha,11/16/1966,Londrina
340.744.768-00,Camila,Souza,2/11/1974,Sarandi
219.970.165-40,Mariana,Fernandes,5/2/1971,Rio de Janeiro
277.936.373-80,Carolina,Rocha,4/21/1941,Assis
397.492.055-29,Luiz,Oliveira,1/28/1935,Betim
303.108.051-39,Giovanna,Ribeiro,1/22/1956,Teresina
448.464.202-64,Guilherme,Cardoso,10/13/1939,Anápolis
661.919.879-19,Vinícius,Goncalves,5/29/1963,Votuporanga
694.761.419-80,Julian,Cavalcanti,1/14/1955,Contagem
823.229.735-21,Erick,Carvalho,3/10/1947,Carapicuíba
690.000.142-47,Enzo,Fernandes,12/8/2001,Ipatinga
982.754.798-43,Kai,Rodrigues,8/22/1964,Feira de Santana
383.589.950-32,Luís,Goncalves,6/24/1970,Quixadá
783.748.506-80,Tiago,Rodrigues,7/3/1989,Itajubá
892.193.082-58,Rafaela,Sousa,11/27/1987,São José dos Campos
410.612.499-80,Rafaela,Barros,1/18/1952,Barretos
573.398.308-63,Kauã,Melo,12/26/1979,Cuiabá
385.494.688-00,Danilo,Almeida,9/14/1981,Fortaleza
642.856.945-06,Aline,Santos,2/22/1938,Vitória da Conquista
812.679.506-92,Antônio,Silva,8/6/1964,Rondonópolis
466.294.214-42,Emily,Pereira,3/9/2004,Poços de Caldas
139.741.940-70,Rafael,Costa,5/14/1982,Teresópolis
259.714.125-07,Nicolash,Pereira,11/10/1956,Suzano
645.184.797-69,Miguel,Fernandes,10/23/1966,Taubaté
858.125.575-27,Lavinia,Ribeiro,6/7/1991,Caxias do Sul
575.296.282-08,Luis,Goncalves,11/25/1986,Sorocaba
724.634.552-33,Douglas,Melo,3/30/1995,Guarapari
909.170.146-34,Luana,Carvalho,11/9/2001,Mococa
751.652.872-20,Thiago,Lima,10/18/2003,Londrina
211.245.904-04,Matilde,Correia,7/31/1967,Itaguaí
797.067.662-60,Vitoria,Fernandes,9/10/1945,Salvador
542.737.232-63,Luis,Fernandes,10/10/1935,Votorantim
727.310.627-54,Emilly,Almeida,4/17/1935,Curitiba
726.915.797-94,Nicolas,Castro,9/1/2005,Fortaleza
610.418.921-01,Rodrigo,Lima,2/16/1939,São Paulo
150.267.544-73,Brenda,Cavalcanti,4/11/1939,Pacatuba
621.071.835-38,Tomás,Ferreira,12/5/1993,Indaiatuba
687.804.369-78,Kai,Gomes,10/31/1969,Bauru
301.834.274-75,Sarah,Barros,8/8/1979,Nova Iguaçu
734.895.386-76,Isabelle,Silva,2/28/1997,Petrópolis
934.482.801-60,Douglas,Sousa,5/13/1980,Araçatuba
333.423.229-85,Nicole,Sousa,8/9/1992,Itapecerica da Serra
760.115.904-38,Alex,Barros,6/7/1961,Araguaína
665.324.563-22,Luiza,Ribeiro,5/24/1967,Gurupi
686.109.406-40,Evelyn,Pereira,5/27/1943,Petrópolis
266.468.461-20,Gustavo,Ribeiro,3/18/1999,Maracanaú
694.207.192-78,Lucas,Alves,9/20/1994,Ipatinga
627.457.087-08,Leila,Fernandes,4/17/1940,Alegrete
502.464.583-99,Yasmin,Sousa,8/27/1995,Crato
313.955.318-89,Matilde,Souza,2/26/1974,Formosa
703.203.399-71,Brenda,Carvalho,1/19/1977,Ferraz de Vasconcelos
782.149.265-56,Leonor,Almeida,6/30/1995,Santo André
547.462.872-28,Gabriel,Carvalho,2/18/1955,Fortaleza
552.201.178-58,Martim,Dias,10/24/1967,Maceió
779.955.733-83,Nicolas,Ferreira,7/12/1956,Suzano
315.815.282-72,Miguel,Martins,5/31/1959,Ananindeua
579.726.778-08,Otávio,Barros,8/9/1978,Campos dos Goytacazes
533.042.926-91,Lara,Araujo,11/23/1946,Porto Alegre
816.750.789-04,Vinícius,Rocha,7/2/1972,Santana do Livramento
917.661.036-50,Marcos,Barros,12/17/1952,Praia Grande
924.107.833-25,Matheus,Santos,5/15/1986,Santa Maria
126.565.763-77,Emilly,Melo,9/24/1936,Sorocaba
833.524.250-00,Kai,Fernandes,9/22/2004,São Bernardo do Campo
619.132.142-22,Isabella,Ribeiro,11/30/1993,Petrolina
344.211.275-31,Davi,Carvalho,8/14/1963,Taubaté
854.437.033-07,André,Pinto,9/22/1952,Ourinhos
137.581.733-70,Livia,Silva,1/3/1978,São João Del Rei
634.535.553-41,Eduarda,Sousa,8/11/2001,Quixadá
598.502.495-44,Brenda,Almeida,9/2/1962,Salvador
313.196.428-61,Livia,Araujo,12/26/1973,Recanto das Emas
415.290.373-28,Kauan,Almeida,8/21/1950,Marabá
734.508.241-55,Emily,Martins,12/4/1979,Salvador
421.155.506-50,Sarah,Almeida,7/15/1975,Indaiatuba
711.916.533-07,Rebeca,Costa,11/3/1958,Belo Horizonte
427.375.650-14,Larissa,Fernandes,4/5/1977,Vitória da Conquista
803.108.544-74,Caio,Cunha,3/5/1978,Uberaba
526.403.915-18,Luis,Costa,8/26/2004,Carpina
407.024.021-76,Rebeca,Oliveira,9/27/1986,Presidente Prudente
888.479.544-36,Pedro,Barros,6/17/1971,Luziânia
412.233.345-89,Luana,Cavalcanti,11/21/1960,Guaratinguetá
808.912.482-85,Carla,Carvalho,2/24/1935,Camaragibe
130.665.511-05,Diogo,Castro,6/14/1972,Francisco Beltrão
763.668.287-76,Emily,Barbosa,6/20/1992,Brasília
391.444.320-03,Leonor,Fernandes,8/5/1965,São Carlos
